MainCategory,SubCategory,Product Name,Price,Link,Rating,Review
Software,Accounting & Finance,TurboTax Premier 2023 [Disc] ,104.,https://www.amazon.com//TurboTax-Premier-Software-Federal-Exclusive/dp/B0CJYJH2YS/ref=sr_1_1?dib=eyJ2IjoiMSJ9.JmCZ3hr3oElKVmNtK5NYYkdbiAhRInKSiN6OH4xx23KWXWPBar63_865dwZtK1vgjomyL8HdGkcG7Ei4SOHYWXIsBuBJdglAhDniLe--rdVFcIvDVEy0dIH_DfSHxFp0QpvQWEbsLg2ou6VfvexzNM59K3YBlLR-VJQ1PhPoAT8TdbzGRjg9R1SEB3DjeuNnfpyJQrwjtygETy57uQ5Vth9bJ1DwGOD3oREzHkNQc-8.53Qx3tKhdedtlOUsOY95q-rTu03R22dmobYnugmWzVo&dib_tag=se&qid=1716875644&s=software-intl-ship&sr=1-1,4.2,"5,208"
Software,Accounting & Finance,Bookkeeper: Easily Manage Your Business Finances ,39.,https://www.amazon.com//Bookkeeper-Easily-Manage-Business-Finances/dp/B001F0J6ZE/ref=sr_1_2?dib=eyJ2IjoiMSJ9.JmCZ3hr3oElKVmNtK5NYYkdbiAhRInKSiN6OH4xx23KWXWPBar63_865dwZtK1vgjomyL8HdGkcG7Ei4SOHYWXIsBuBJdglAhDniLe--rdVFcIvDVEy0dIH_DfSHxFp0QpvQWEbsLg2ou6VfvexzNM59K3YBlLR-VJQ1PhPoAT8TdbzGRjg9R1SEB3DjeuNnfpyJQrwjtygETy57uQ5Vth9bJ1DwGOD3oREzHkNQc-8.53Qx3tKhdedtlOUsOY95q-rTu03R22dmobYnugmWzVo&dib_tag=se&qid=1716875644&s=software-intl-ship&sr=1-2,3.5,398
Software,Accounting & Finance,VersaCheck X1 Gold 2023 - Finance and Check Creation Software ,93.,https://www.amazon.com//VersaCheck-X1-Gold-2023-Creation/dp/B0BLBKBKFS/ref=sr_1_3?dib=eyJ2IjoiMSJ9.JmCZ3hr3oElKVmNtK5NYYkdbiAhRInKSiN6OH4xx23KWXWPBar63_865dwZtK1vgjomyL8HdGkcG7Ei4SOHYWXIsBuBJdglAhDniLe--rdVFcIvDVEy0dIH_DfSHxFp0QpvQWEbsLg2ou6VfvexzNM59K3YBlLR-VJQ1PhPoAT8TdbzGRjg9R1SEB3DjeuNnfpyJQrwjtygETy57uQ5Vth9bJ1DwGOD3oREzHkNQc-8.53Qx3tKhdedtlOUsOY95q-rTu03R22dmobYnugmWzVo&dib_tag=se&qid=1716875644&s=software-intl-ship&sr=1-3,3.9,4
Software,Accounting & Finance,H&R Block Tax Software Premium & Business 2023 with Refund Bonus Offer (Amazon Exclusive) (Physical Code by Mail) ,89.,https://www.amazon.com//Block-Software-Business-Exclusive-Physical/dp/B0CGVNN4R7/ref=sr_1_4?dib=eyJ2IjoiMSJ9.JmCZ3hr3oElKVmNtK5NYYkdbiAhRInKSiN6OH4xx23KWXWPBar63_865dwZtK1vgjomyL8HdGkcG7Ei4SOHYWXIsBuBJdglAhDniLe--rdVFcIvDVEy0dIH_DfSHxFp0QpvQWEbsLg2ou6VfvexzNM59K3YBlLR-VJQ1PhPoAT8TdbzGRjg9R1SEB3DjeuNnfpyJQrwjtygETy57uQ5Vth9bJ1DwGOD3oREzHkNQc-8.53Qx3tKhdedtlOUsOY95q-rTu03R22dmobYnugmWzVo&dib_tag=se&qid=1716875644&s=software-intl-ship&sr=1-4,3.6,46
Software,Accounting & Finance,VersaCheck X1 Gold 2024 - Finance and Check Creation Software ,99.,https://www.amazon.com//VersaCheck-X1-Gold-2024-Creation/dp/B0CKDLR1YS/ref=sr_1_5?dib=eyJ2IjoiMSJ9.JmCZ3hr3oElKVmNtK5NYYkdbiAhRInKSiN6OH4xx23KWXWPBar63_865dwZtK1vgjomyL8HdGkcG7Ei4SOHYWXIsBuBJdglAhDniLe--rdVFcIvDVEy0dIH_DfSHxFp0QpvQWEbsLg2ou6VfvexzNM59K3YBlLR-VJQ1PhPoAT8TdbzGRjg9R1SEB3DjeuNnfpyJQrwjtygETy57uQ5Vth9bJ1DwGOD3oREzHkNQc-8.53Qx3tKhdedtlOUsOY95q-rTu03R22dmobYnugmWzVo&dib_tag=se&qid=1716875644&s=software-intl-ship&sr=1-5,3.8,4
Software,Accounting & Finance,VersaCheck X9 Platinum 2024 – 5 User Finance and Check Creation Software ,76.,https://www.amazon.com//VersaCheck-X9-Platinum-2024-Creation/dp/B0CKDM1W5Z/ref=sr_1_6?dib=eyJ2IjoiMSJ9.JmCZ3hr3oElKVmNtK5NYYkdbiAhRInKSiN6OH4xx23KWXWPBar63_865dwZtK1vgjomyL8HdGkcG7Ei4SOHYWXIsBuBJdglAhDniLe--rdVFcIvDVEy0dIH_DfSHxFp0QpvQWEbsLg2ou6VfvexzNM59K3YBlLR-VJQ1PhPoAT8TdbzGRjg9R1SEB3DjeuNnfpyJQrwjtygETy57uQ5Vth9bJ1DwGOD3oREzHkNQc-8.53Qx3tKhdedtlOUsOY95q-rTu03R22dmobYnugmWzVo&dib_tag=se&qid=1716875644&s=software-intl-ship&sr=1-6,,
Software,Accounting & Finance,Checksoft Personal Deluxe ,29.,https://www.amazon.com//Avanquest-3431-Checksoft-Personal-Deluxe/dp/B000HYUJXC/ref=sr_1_7?dib=eyJ2IjoiMSJ9.JmCZ3hr3oElKVmNtK5NYYkdbiAhRInKSiN6OH4xx23KWXWPBar63_865dwZtK1vgjomyL8HdGkcG7Ei4SOHYWXIsBuBJdglAhDniLe--rdVFcIvDVEy0dIH_DfSHxFp0QpvQWEbsLg2ou6VfvexzNM59K3YBlLR-VJQ1PhPoAT8TdbzGRjg9R1SEB3DjeuNnfpyJQrwjtygETy57uQ5Vth9bJ1DwGOD3oREzHkNQc-8.53Qx3tKhdedtlOUsOY95q-rTu03R22dmobYnugmWzVo&dib_tag=se&qid=1716875644&s=software-intl-ship&sr=1-7,2.9,141
Software,Accounting & Finance,H&R Block Tax Software Deluxe + State 2023 with Refund Bonus Offer (Amazon Exclusive) (Physical Code by Mail) ,49.,https://www.amazon.com//Block-Software-Deluxe-Exclusive-Physical/dp/B0CGVN6Y23/ref=sr_1_8?dib=eyJ2IjoiMSJ9.JmCZ3hr3oElKVmNtK5NYYkdbiAhRInKSiN6OH4xx23KWXWPBar63_865dwZtK1vgjomyL8HdGkcG7Ei4SOHYWXIsBuBJdglAhDniLe--rdVFcIvDVEy0dIH_DfSHxFp0QpvQWEbsLg2ou6VfvexzNM59K3YBlLR-VJQ1PhPoAT8TdbzGRjg9R1SEB3DjeuNnfpyJQrwjtygETy57uQ5Vth9bJ1DwGOD3oREzHkNQc-8.53Qx3tKhdedtlOUsOY95q-rTu03R22dmobYnugmWzVo&dib_tag=se&qid=1716875644&s=software-intl-ship&sr=1-8,3.9,213
Software,Accounting & Finance,VersaCheck X9 2024 for QuickBooks – 5 User Finance and Check Creation Software ,43.,https://www.amazon.com//VersaCheck-X9-2024-QuickBooks-Creation/dp/B0CKDTRQDQ/ref=sr_1_9?dib=eyJ2IjoiMSJ9.JmCZ3hr3oElKVmNtK5NYYkdbiAhRInKSiN6OH4xx23KWXWPBar63_865dwZtK1vgjomyL8HdGkcG7Ei4SOHYWXIsBuBJdglAhDniLe--rdVFcIvDVEy0dIH_DfSHxFp0QpvQWEbsLg2ou6VfvexzNM59K3YBlLR-VJQ1PhPoAT8TdbzGRjg9R1SEB3DjeuNnfpyJQrwjtygETy57uQ5Vth9bJ1DwGOD3oREzHkNQc-8.53Qx3tKhdedtlOUsOY95q-rTu03R22dmobYnugmWzVo&dib_tag=se&qid=1716875644&s=software-intl-ship&sr=1-9,4.5,2
Software,Accounting & Finance,Checksoft Premier ,64.,https://www.amazon.com//Avanquest-3435-Checksoft-Premier/dp/B000HQTR88/ref=sr_1_10?dib=eyJ2IjoiMSJ9.JmCZ3hr3oElKVmNtK5NYYkdbiAhRInKSiN6OH4xx23KWXWPBar63_865dwZtK1vgjomyL8HdGkcG7Ei4SOHYWXIsBuBJdglAhDniLe--rdVFcIvDVEy0dIH_DfSHxFp0QpvQWEbsLg2ou6VfvexzNM59K3YBlLR-VJQ1PhPoAT8TdbzGRjg9R1SEB3DjeuNnfpyJQrwjtygETy57uQ5Vth9bJ1DwGOD3oREzHkNQc-8.53Qx3tKhdedtlOUsOY95q-rTu03R22dmobYnugmWzVo&dib_tag=se&qid=1716875644&s=software-intl-ship&sr=1-10,3.0,46
Software,Accounting & Finance,VersaCheck X1 Silver 2023 - Personal Finance and Check Creation Software ,59.,https://www.amazon.com//VersaCheck-X1-Silver-2023-Personal/dp/B0BL8LHZ4C/ref=sr_1_11?dib=eyJ2IjoiMSJ9.JmCZ3hr3oElKVmNtK5NYYkdbiAhRInKSiN6OH4xx23KWXWPBar63_865dwZtK1vgjomyL8HdGkcG7Ei4SOHYWXIsBuBJdglAhDniLe--rdVFcIvDVEy0dIH_DfSHxFp0QpvQWEbsLg2ou6VfvexzNM59K3YBlLR-VJQ1PhPoAT8TdbzGRjg9R1SEB3DjeuNnfpyJQrwjtygETy57uQ5Vth9bJ1DwGOD3oREzHkNQc-8.53Qx3tKhdedtlOUsOY95q-rTu03R22dmobYnugmWzVo&dib_tag=se&qid=1716875644&s=software-intl-ship&sr=1-11,2.4,4
Software,Accounting & Finance,VersaCheck X1 Silver 2024 - Personal Finance and Check Creation Software ,69.,https://www.amazon.com//VersaCheck-X1-Silver-2024-Personal/dp/B0CKDT1JYN/ref=sr_1_12?dib=eyJ2IjoiMSJ9.JmCZ3hr3oElKVmNtK5NYYkdbiAhRInKSiN6OH4xx23KWXWPBar63_865dwZtK1vgjomyL8HdGkcG7Ei4SOHYWXIsBuBJdglAhDniLe--rdVFcIvDVEy0dIH_DfSHxFp0QpvQWEbsLg2ou6VfvexzNM59K3YBlLR-VJQ1PhPoAT8TdbzGRjg9R1SEB3DjeuNnfpyJQrwjtygETy57uQ5Vth9bJ1DwGOD3oREzHkNQc-8.53Qx3tKhdedtlOUsOY95q-rTu03R22dmobYnugmWzVo&dib_tag=se&qid=1716875644&s=software-intl-ship&sr=1-12,3.2,3
Software,Accounting & Finance,VersaCheck X1 Platinum 2024 - Finance and Check Creation Software ,124.,https://www.amazon.com//VersaCheck-X1-Platinum-2024-Creation/dp/B0CKDJMF3X/ref=sr_1_13?dib=eyJ2IjoiMSJ9.JmCZ3hr3oElKVmNtK5NYYkdbiAhRInKSiN6OH4xx23KWXWPBar63_865dwZtK1vgjomyL8HdGkcG7Ei4SOHYWXIsBuBJdglAhDniLe--rdVFcIvDVEy0dIH_DfSHxFp0QpvQWEbsLg2ou6VfvexzNM59K3YBlLR-VJQ1PhPoAT8TdbzGRjg9R1SEB3DjeuNnfpyJQrwjtygETy57uQ5Vth9bJ1DwGOD3oREzHkNQc-8.53Qx3tKhdedtlOUsOY95q-rTu03R22dmobYnugmWzVo&dib_tag=se&qid=1716875644&s=software-intl-ship&sr=1-13,2.0,1
Software,Accounting & Finance,VersaCheck X1 2024 for QuickBooks - Finance and Check Creation Software ,85.,https://www.amazon.com//VersaCheck-X1-2024-QuickBooks-Creation/dp/B0CKDS181B/ref=sr_1_14?dib=eyJ2IjoiMSJ9.JmCZ3hr3oElKVmNtK5NYYkdbiAhRInKSiN6OH4xx23KWXWPBar63_865dwZtK1vgjomyL8HdGkcG7Ei4SOHYWXIsBuBJdglAhDniLe--rdVFcIvDVEy0dIH_DfSHxFp0QpvQWEbsLg2ou6VfvexzNM59K3YBlLR-VJQ1PhPoAT8TdbzGRjg9R1SEB3DjeuNnfpyJQrwjtygETy57uQ5Vth9bJ1DwGOD3oREzHkNQc-8.53Qx3tKhdedtlOUsOY95q-rTu03R22dmobYnugmWzVo&dib_tag=se&qid=1716875644&s=software-intl-ship&sr=1-14,1.0,1
Software,Accounting & Finance,VersaCheck X9 Gold 2024 – 3 User Finance and Check Creation Software ,113.,https://www.amazon.com//VersaCheck-X9-Gold-2024-Creation/dp/B0CKDSFT9T/ref=sr_1_15?dib=eyJ2IjoiMSJ9.JmCZ3hr3oElKVmNtK5NYYkdbiAhRInKSiN6OH4xx23KWXWPBar63_865dwZtK1vgjomyL8HdGkcG7Ei4SOHYWXIsBuBJdglAhDniLe--rdVFcIvDVEy0dIH_DfSHxFp0QpvQWEbsLg2ou6VfvexzNM59K3YBlLR-VJQ1PhPoAT8TdbzGRjg9R1SEB3DjeuNnfpyJQrwjtygETy57uQ5Vth9bJ1DwGOD3oREzHkNQc-8.53Qx3tKhdedtlOUsOY95q-rTu03R22dmobYnugmWzVo&dib_tag=se&qid=1716875644&s=software-intl-ship&sr=1-15,,
Software,Accounting & Finance,VersaCheck X9 Professional 2024 – 20 User Finance and Check Creation Software ,102.,https://www.amazon.com//VersaCheck-X9-Professional-2024-Creation/dp/B0CKD8271X/ref=sr_1_16?dib=eyJ2IjoiMSJ9.JmCZ3hr3oElKVmNtK5NYYkdbiAhRInKSiN6OH4xx23KWXWPBar63_865dwZtK1vgjomyL8HdGkcG7Ei4SOHYWXIsBuBJdglAhDniLe--rdVFcIvDVEy0dIH_DfSHxFp0QpvQWEbsLg2ou6VfvexzNM59K3YBlLR-VJQ1PhPoAT8TdbzGRjg9R1SEB3DjeuNnfpyJQrwjtygETy57uQ5Vth9bJ1DwGOD3oREzHkNQc-8.53Qx3tKhdedtlOUsOY95q-rTu03R22dmobYnugmWzVo&dib_tag=se&qid=1716875644&s=software-intl-ship&sr=1-16,,
Software,Accounting & Finance,VersaCheck X9 Gold 2023 – 3 User Finance and Check Creation Software ,67.,https://www.amazon.com//VersaCheck-X9-Gold-2023-Creation/dp/B0BL8KCDBP/ref=sr_1_17?dib=eyJ2IjoiMSJ9.P0uA5P3q_r0nuRTnyvY0y7N5j99UKmmcNbabxtPBltctcFC9FXvEbiu7iz3rRMtLAZSBV0kEnp51Jk0v0bWDFmVX7pFp2aZzwjDLetAu1lYnpdA3HksuHKZGMRTGSC2parYcDTdMzJ1flhv18qQR3w.wceUiYdMYKylBsQRVV5aIO5p0RtJRxLk3mGZAQFmztA&dib_tag=se&qid=1716875651&s=software-intl-ship&sr=1-17,,
Software,Accounting & Finance,VersaCheck XO Gold 2024 - Finance and Check Creation Software - PC and ONLINE ,129.,https://www.amazon.com//VersaCheck-XO-Gold-2024-Creation/dp/B0CDQWBQN9/ref=sr_1_18?dib=eyJ2IjoiMSJ9.P0uA5P3q_r0nuRTnyvY0y7N5j99UKmmcNbabxtPBltctcFC9FXvEbiu7iz3rRMtLAZSBV0kEnp51Jk0v0bWDFmVX7pFp2aZzwjDLetAu1lYnpdA3HksuHKZGMRTGSC2parYcDTdMzJ1flhv18qQR3w.wceUiYdMYKylBsQRVV5aIO5p0RtJRxLk3mGZAQFmztA&dib_tag=se&qid=1716875651&s=software-intl-ship&sr=1-18,,
Software,Accounting & Finance,H&R Block Tax Software Deluxe + State 2023 with Refund Bonus Offer (Amazon Exclusive) (Physical Code by Mail) ,49.,https://www.amazon.com//Block-Software-Deluxe-Exclusive-Physical/dp/B0CGVN6Y23/ref=sr_1_19?dib=eyJ2IjoiMSJ9.P0uA5P3q_r0nuRTnyvY0y7N5j99UKmmcNbabxtPBltctcFC9FXvEbiu7iz3rRMtLAZSBV0kEnp51Jk0v0bWDFmVX7pFp2aZzwjDLetAu1lYnpdA3HksuHKZGMRTGSC2parYcDTdMzJ1flhv18qQR3w.wceUiYdMYKylBsQRVV5aIO5p0RtJRxLk3mGZAQFmztA&dib_tag=se&qid=1716875651&s=software-intl-ship&sr=1-19,3.9,213
Software,Accounting & Finance,VersaCheck X1 2023 for QuickBooks - Finance and Check Creation Software ,96.,https://www.amazon.com//VersaCheck-X1-2023-QuickBooks-Creation/dp/B0BL9H4N33/ref=sr_1_20?dib=eyJ2IjoiMSJ9.P0uA5P3q_r0nuRTnyvY0y7N5j99UKmmcNbabxtPBltctcFC9FXvEbiu7iz3rRMtLAZSBV0kEnp51Jk0v0bWDFmVX7pFp2aZzwjDLetAu1lYnpdA3HksuHKZGMRTGSC2parYcDTdMzJ1flhv18qQR3w.wceUiYdMYKylBsQRVV5aIO5p0RtJRxLk3mGZAQFmztA&dib_tag=se&qid=1716875651&s=software-intl-ship&sr=1-20,5.0,1
Software,Accounting & Finance,VersaCheck X9 Platinum 2023 – 5 User Finance and Check Creation Software ,142.,https://www.amazon.com//VersaCheck-X9-Platinum-2023-Creation/dp/B0BL8J1W77/ref=sr_1_21?dib=eyJ2IjoiMSJ9.P0uA5P3q_r0nuRTnyvY0y7N5j99UKmmcNbabxtPBltctcFC9FXvEbiu7iz3rRMtLAZSBV0kEnp51Jk0v0bWDFmVX7pFp2aZzwjDLetAu1lYnpdA3HksuHKZGMRTGSC2parYcDTdMzJ1flhv18qQR3w.wceUiYdMYKylBsQRVV5aIO5p0RtJRxLk3mGZAQFmztA&dib_tag=se&qid=1716875651&s=software-intl-ship&sr=1-21,5.0,1
Software,Accounting & Finance,VersaCheck X1 Platinum 2023 - Finance and Check Creation Software ,99.,https://www.amazon.com//VersaCheck-X1-Platinum-2023-Creation/dp/B0BLB6FCFG/ref=sr_1_22?dib=eyJ2IjoiMSJ9.P0uA5P3q_r0nuRTnyvY0y7N5j99UKmmcNbabxtPBltctcFC9FXvEbiu7iz3rRMtLAZSBV0kEnp51Jk0v0bWDFmVX7pFp2aZzwjDLetAu1lYnpdA3HksuHKZGMRTGSC2parYcDTdMzJ1flhv18qQR3w.wceUiYdMYKylBsQRVV5aIO5p0RtJRxLk3mGZAQFmztA&dib_tag=se&qid=1716875651&s=software-intl-ship&sr=1-22,1.0,1
Software,Accounting & Finance,VersaCheck X9 2023 for QuickBooks – 5 User Finance and Check Creation Software ,144.,https://www.amazon.com//VersaCheck-X9-2023-QuickBooks-Creation/dp/B0BLB5GHNL/ref=sr_1_23?dib=eyJ2IjoiMSJ9.P0uA5P3q_r0nuRTnyvY0y7N5j99UKmmcNbabxtPBltctcFC9FXvEbiu7iz3rRMtLAZSBV0kEnp51Jk0v0bWDFmVX7pFp2aZzwjDLetAu1lYnpdA3HksuHKZGMRTGSC2parYcDTdMzJ1flhv18qQR3w.wceUiYdMYKylBsQRVV5aIO5p0RtJRxLk3mGZAQFmztA&dib_tag=se&qid=1716875651&s=software-intl-ship&sr=1-23,5.0,1
Software,Accounting & Finance,VersaCheck X9 Professional 2023 – 20 User Finance and Check Creation Software ,116.,https://www.amazon.com//VersaCheck-X9-Professional-2023-Creation/dp/B0BL8KN797/ref=sr_1_24?dib=eyJ2IjoiMSJ9.P0uA5P3q_r0nuRTnyvY0y7N5j99UKmmcNbabxtPBltctcFC9FXvEbiu7iz3rRMtLAZSBV0kEnp51Jk0v0bWDFmVX7pFp2aZzwjDLetAu1lYnpdA3HksuHKZGMRTGSC2parYcDTdMzJ1flhv18qQR3w.wceUiYdMYKylBsQRVV5aIO5p0RtJRxLk3mGZAQFmztA&dib_tag=se&qid=1716875651&s=software-intl-ship&sr=1-24,,
Software,Accounting & Finance,Infinity Softworks powerOne Finance for Handheld v5 ,48.,https://www.amazon.com//Infinity-Softworks-powerOne-Finance-Handheld/dp/B0002IAJC4/ref=sr_1_25?dib=eyJ2IjoiMSJ9.P0uA5P3q_r0nuRTnyvY0y7N5j99UKmmcNbabxtPBltctcFC9FXvEbiu7iz3rRMtLAZSBV0kEnp51Jk0v0bWDFmVX7pFp2aZzwjDLetAu1lYnpdA3HksuHKZGMRTGSC2parYcDTdMzJ1flhv18qQR3w.wceUiYdMYKylBsQRVV5aIO5p0RtJRxLk3mGZAQFmztA&dib_tag=se&qid=1716875651&s=software-intl-ship&sr=1-25,,
Software,Accounting & Finance,Marketcircle Billings 3 ,37.,https://www.amazon.com//CSDC-BL301-Marketcircle-Billings-3/dp/B001J5SGRO/ref=sr_1_26?dib=eyJ2IjoiMSJ9.P0uA5P3q_r0nuRTnyvY0y7N5j99UKmmcNbabxtPBltctcFC9FXvEbiu7iz3rRMtLAZSBV0kEnp51Jk0v0bWDFmVX7pFp2aZzwjDLetAu1lYnpdA3HksuHKZGMRTGSC2parYcDTdMzJ1flhv18qQR3w.wceUiYdMYKylBsQRVV5aIO5p0RtJRxLk3mGZAQFmztA&dib_tag=se&qid=1716875651&s=software-intl-ship&sr=1-26,2.3,4
